{
  "accuracy": 0.9559,
  "f1_macro": 0.9557,
  "f1_weighted": 0.9558,
  "roc_auc": 0.952,
  "confusion_matrix": [
    [
      213,
      14
    ],
    [
      7,
      242
    ]
  ],
  "vol_mae": 0.541759,
  "vol_rmse": 1.178283,
  "vol_r2": -0.0358
}